SQ_CANDIDATO,NM_URNA_CANDIDATO,DS_CARGO,SG_PARTIDO,DS_GENERO,DS_GRAU_INSTRUCAO,patrimonio_total,qtd_bens,tipo_principal
40002541626,PROFESSORA MARIA DO CARMO,GOVERNADOR,PL,FEMININO,SUPERIOR COMPLETO,118473769.48,27,Outras participações societárias
40002531447,EDUARDO BRAGA,SENADOR,MDB,MASCULINO,SUPERIOR COMPLETO,60278559.1,81,"Aplicação de renda fixa (CDB, RDB e outros)"
40002542688,ALESSANDRO TONIZA,1º SUPLENTE,PL,MASCULINO,SUPERIOR COMPLETO,23440559.98,44,Outras aplicações e Investimentos
40002532780,DR SANDOVAL CHEIRO DO POVO,DEPUTADO ESTADUAL,PSD,MASCULINO,SUPERIOR COMPLETO,23246824.33,17,"Veículo automotor terrestre: caminhão, automóvel, moto, etc."
40002541745,ADJUTO AFONSO,DEPUTADO ESTADUAL,UNIÃO,MASCULINO,SUPERIOR COMPLETO,10543969.52,27,"Aplicação de renda fixa (CDB, RDB e outros)"
40002542954,MANOEL CUNHA,DEPUTADO ESTADUAL,PL,MASCULINO,ENSINO FUNDAMENTAL INCOMPLETO,8268301.98,5,Prédio comercial
40002532744,SERGIO NUNES,DEPUTADO ESTADUAL,MDB,MASCULINO,SUPERIOR COMPLETO,8154000.0,2,Terreno
40002532749,SIMÃO PEIXOTO,DEPUTADO ESTADUAL,MDB,MASCULINO,SUPERIOR INCOMPLETO,7205806.14,11,Casa
40002531448,SANDRA BRAGA,1º SUPLENTE,MDB,FEMININO,SUPERIOR COMPLETO,6435906.76,17,"Aplicação de renda fixa (CDB, RDB e outros)"
40002536433,CORONEL MENEZES,DEPUTADO FEDERAL,AVANTE,MASCULINO,SUPERIOR COMPLETO,5131698.2299999995,10,"Aplicação de renda fixa (CDB, RDB e outros)"
40002532791,ROZENHA,DEPUTADO ESTADUAL,PSD,MASCULINO,ENSINO MÉDIO COMPLETO,4865378.82,15,OUTROS BENS E DIREITOS
40002541741,ROBERTO CIDADE,GOVERNADOR,UNIÃO,MASCULINO,SUPERIOR COMPLETO,4285400.8,12,Terreno
40002540481,ALFREDO NASCIMENTO,DEPUTADO FEDERAL,PL,MASCULINO,SUPERIOR COMPLETO,4190447.38,13,Outras aplicações e Investimentos
40002536488,TONY MEDEIROS,DEPUTADO ESTADUAL,AGIR,MASCULINO,SUPERIOR COMPLETO,4045908.68,11,Terreno
40002537346,JOÃO ROBERTO,DEPUTADO ESTADUAL,AVANTE,MASCULINO,SUPERIOR COMPLETO,3828095.0,6,"Veículo automotor terrestre: caminhão, automóvel, moto, etc."
40002534877,CAILA CARIM,DEPUTADO FEDERAL,MDB,FEMININO,ENSINO MÉDIO COMPLETO,3800000.0,2,Quotas ou quinhões de capital
40002542966,LUCIANA FRANÇA,DEPUTADO ESTADUAL,PL,FEMININO,SUPERIOR COMPLETO,3720895.63,12,"Aplicação de renda fixa (CDB, RDB e outros)"
40002531440,JESUS ALVES,DEPUTADO FEDERAL,MDB,MASCULINO,SUPERIOR COMPLETO,3708000.0,5,Quotas ou quinhões de capital
40002541613,PAULO PP,DEPUTADO ESTADUAL,PODE,MASCULINO,ENSINO FUNDAMENTAL COMPLETO,3546644.12,17,Quotas ou quinhões de capital
40002537344,PLINIO VALÉRIO,SENADOR,PSDB,MASCULINO,SUPERIOR COMPLETO,3527132.51,23,Terreno
40002542657,VIVIAN AMORIM,DEPUTADO ESTADUAL,UNIÃO,FEMININO,SUPERIOR COMPLETO,3442024.56,9,"Aplicação de renda fixa (CDB, RDB e outros)"
40002542670,FAUSTO JR,DEPUTADO FEDERAL,UNIÃO,MASCULINO,SUPERIOR COMPLETO,3400000.0,4,Quotas ou quinhões de capital
40002541593,FELIPE SOUZA,DEPUTADO ESTADUAL,PODE,MASCULINO,SUPERIOR COMPLETO,3393364.95,16,"Aplicação de renda fixa (CDB, RDB e outros)"
40002533210,MASSAMI MIKI,DEPUTADO FEDERAL,REPUBLICANOS,MASCULINO,SUPERIOR COMPLETO,3391527.65,18,"Aplicação de renda fixa (CDB, RDB e outros)"
40002532735,CORONEL WILSON MARQUES,DEPUTADO ESTADUAL,MDB,MASCULINO,SUPERIOR COMPLETO,3287000.0,3,Casa
40002532763,ATILA LINS,DEPUTADO FEDERAL,PSD,MASCULINO,SUPERIOR COMPLETO,3194270.92,8,Apartamento
40002542662,CEARAZIN SEMISERA,DEPUTADO ESTADUAL,PP,MASCULINO,SUPERIOR COMPLETO,3171252.48,6,Depósito bancário em conta corrente no País
40002542674,TADEU DE SOUZA,DEPUTADO FEDERAL,PP,MASCULINO,SUPERIOR COMPLETO,3099441.34,26,"Fundos: Ações, Mútuos de Privatização, Invest. Empresas Emergentes, Invest.Participação e Invest. Índice Mercado"
40002534377,RODRIGO GUEDES,DEPUTADO ESTADUAL,REPUBLICANOS,MASCULINO,SUPERIOR COMPLETO,3091617.64,17,Outras aplicações e Investimentos
40002542663,PROFESSORA JACQUELINE,DEPUTADO ESTADUAL,UNIÃO,FEMININO,SUPERIOR COMPLETO,3027257.71,13,Outras aplicações e Investimentos
40002541616,YOMARA LINS,DEPUTADO ESTADUAL,PODE,FEMININO,SUPERIOR COMPLETO,3012978.0,3,"Veículo automotor terrestre: caminhão, automóvel, moto, etc."
40002541747,WANDERLEY MONTEIRO,DEPUTADO ESTADUAL,UNIÃO,MASCULINO,SUPERIOR COMPLETO,2926172.37,5,Casa
40002546984,HUDSON JORGE,DEPUTADO ESTADUAL,PDT,MASCULINO,SUPERIOR COMPLETO,2883000.0,11,Outros bens imóveis
40002532789,DELEGADO  AYSLAN MARQUES,DEPUTADO ESTADUAL,PSD,MASCULINO,SUPERIOR COMPLETO,2871742.85,21,Casa
40002532762,PAUDERNEY,DEPUTADO FEDERAL,PSD,MASCULINO,SUPERIOR COMPLETO,2860407.1300000004,22,"Veículo automotor terrestre: caminhão, automóvel, moto, etc."
40002531446,MIGUEL BIANGO,2º SUPLENTE,MDB,MASCULINO,SUPERIOR COMPLETO,2638383.0,27,Ações (inclusive as provenientes de linha telefônica)
40002542671,PROFESSORA THEREZINHA RUIZ,DEPUTADO FEDERAL,UNIÃO,FEMININO,SUPERIOR COMPLETO,2469000.0,10,Apartamento
40002542653,RODRIGO SÁ,DEPUTADO ESTADUAL,PP,MASCULINO,SUPERIOR COMPLETO,2436476.2,11,Depósito bancário em conta corrente no País
40002532767,WILKER BARRETO,DEPUTADO ESTADUAL,PSD,MASCULINO,SUPERIOR COMPLETO,2404011.5500000003,14,Depósito bancário em conta corrente no País
40002532734,CRISTIANO DANGELO,DEPUTADO ESTADUAL,MDB,MASCULINO,ENSINO MÉDIO COMPLETO,2363917.36,13,Terreno
40002545595,DELEGADO TAYAH,DEPUTADO FEDERAL,PT,MASCULINO,SUPERIOR COMPLETO,2269704.33,8,Apartamento
40002542659,FREDERICO JUNIOR,DEPUTADO ESTADUAL,UNIÃO,MASCULINO,LÊ E ESCREVE,2253137.38,6,Casa
40002540480,SARGENTO SALAZAR,DEPUTADO FEDERAL,PL,MASCULINO,SUPERIOR COMPLETO,2206000.0,6,"Veículo automotor terrestre: caminhão, automóvel, moto, etc."
40002536496,MARCELO PALHANO,DEPUTADO ESTADUAL,AGIR,MASCULINO,SUPERIOR COMPLETO,2203258.11,9,Aeronave
40002532272,OMAR AZIZ,GOVERNADOR,PSD,MASCULINO,SUPERIOR COMPLETO,2070608.0,5,Outras aplicações e Investimentos
40002531445,ADAIL FILHO,DEPUTADO FEDERAL,MDB,MASCULINO,SUPERIOR COMPLETO,2037584.07,5,"Aplicação de renda fixa (CDB, RDB e outros)"
40002536474,MACKI SOARES,DEPUTADO ESTADUAL,AGIR,MASCULINO,ENSINO MÉDIO COMPLETO,2000000.0,1,Quotas ou quinhões de capital
40002541749,DR. GEORGE LINS,DEPUTADO ESTADUAL,UNIÃO,MASCULINO,SUPERIOR COMPLETO,1993656.8599999999,10,Depósito bancário em conta corrente no País
40002542968,CABO MACIEL,DEPUTADO ESTADUAL,PL,MASCULINO,ENSINO MÉDIO COMPLETO,1948505.65,8,"Veículo automotor terrestre: caminhão, automóvel, moto, etc."
40002546980,OTACÍLIO NEGREIROS,DEPUTADO ESTADUAL,PDT,MASCULINO,SUPERIOR COMPLETO,1926491.27,13,Outros bens imóveis
40002545612,PROFESSOR SINÉSIO,DEPUTADO ESTADUAL,PT,MASCULINO,SUPERIOR COMPLETO,1854564.6099999999,8,Terreno
40002537347,DELEGADO PAULO MAVIGNIER,DEPUTADO ESTADUAL,AVANTE,MASCULINO,SUPERIOR COMPLETO,1850509.4700000002,7,Outros bens móveis
40002542965,DELEGADO PÉRICLES,DEPUTADO ESTADUAL,PL,MASCULINO,SUPERIOR COMPLETO,1843760.13,11,"Aplicação de renda fixa (CDB, RDB e outros)"
40002540485,DELEGADO COSTA E SILVA,DEPUTADO FEDERAL,PL,MASCULINO,SUPERIOR COMPLETO,1812055.0,7,"Aplicação de renda fixa (CDB, RDB e outros)"
40002534382,COMANDANTE DAN,DEPUTADO ESTADUAL,REPUBLICANOS,MASCULINO,SUPERIOR COMPLETO,1810346.62,4,Apartamento
40002542953,SIPA GENTE DA GENTE,DEPUTADO ESTADUAL,PL,MASCULINO,SUPERIOR COMPLETO,1785000.0,7,"Veículo automotor terrestre: caminhão, automóvel, moto, etc."
40002545608,ROMILDO PIMENTEL,DEPUTADO ESTADUAL,PT,MASCULINO,ENSINO MÉDIO COMPLETO,1750000.0,2,Apartamento
40002533204,HISSA ABRAHÃO,DEPUTADO FEDERAL,REPUBLICANOS,MASCULINO,SUPERIOR COMPLETO,1732682.75,5,Apartamento
40002536434,RADYR JUNIOR,DEPUTADO FEDERAL,AVANTE,MASCULINO,SUPERIOR INCOMPLETO,1718000.0,5,"Veículo automotor terrestre: caminhão, automóvel, moto, etc."
40002537618,JUNIOR MAR,DEPUTADO ESTADUAL,AVANTE,MASCULINO,SUPERIOR COMPLETO,1707000.0,4,Casa
40002536438,DRA. EUNICE NASCIMENTO,DEPUTADO FEDERAL,AVANTE,FEMININO,SUPERIOR COMPLETO,1675856.25,11,"Aplicação de renda fixa (CDB, RDB e outros)"
40002541622,MELYSSA GEBER,DEPUTADO FEDERAL,PSB,FEMININO,SUPERIOR COMPLETO,1670000.0,3,"Veículo automotor terrestre: caminhão, automóvel, moto, etc."
40002551311,DANIELLE BARÉ,DEPUTADO ESTADUAL,REDE,FEMININO,SUPERIOR COMPLETO,1657000.0,3,"Veículo automotor terrestre: caminhão, automóvel, moto, etc."
40002550776,ISAEL MUNDURUKU,GOVERNADOR,REDE,MASCULINO,SUPERIOR COMPLETO,1657000.0,3,"Veículo automotor terrestre: caminhão, automóvel, moto, etc."
40002532750,JAIR SOUTO,DEPUTADO ESTADUAL,MDB,MASCULINO,ENSINO MÉDIO COMPLETO,1614067.13,12,Terreno
40002537628,GIVANCIR OLIVEIRA,DEPUTADO ESTADUAL,AVANTE,MASCULINO,ENSINO FUNDAMENTAL COMPLETO,1610000.0,2,Casa
40002545613,ZÉ RICARDO,DEPUTADO ESTADUAL,PT,MASCULINO,SUPERIOR COMPLETO,1543595.0,13,Apartamento
40002541742,LUÍS MÁRIO BONATES,1º SUPLENTE,UNIÃO,MASCULINO,SUPERIOR COMPLETO,1516270.63,9,Depósito bancário em conta corrente no País
40002540483,DELEGADO PABLO,DEPUTADO FEDERAL,PL,MASCULINO,SUPERIOR COMPLETO,1515524.03,37,Outras aplicações e Investimentos
40002536482,PHELIPPE SIDI,DEPUTADO ESTADUAL,AGIR,MASCULINO,SUPERIOR COMPLETO,1514424.72,7,Quotas ou quinhões de capital
40002537620,KATY FEITOZA,DEPUTADO ESTADUAL,AVANTE,FEMININO,SUPERIOR COMPLETO,1500709.0,3,Outras aplicações e Investimentos
40002536481,JOÃO PAULO JANJÃO,DEPUTADO ESTADUAL,AGIR,MASCULINO,SUPERIOR COMPLETO,1500000.0,1,Quotas ou quinhões de capital
40002546993,REI NALDO,DEPUTADO ESTADUAL,PDT,MASCULINO,ENSINO MÉDIO COMPLETO,1500000.0,2,Outros bens imóveis
40002532768,MÁRCIA REGINA,DEPUTADO ESTADUAL,PSD,FEMININO,SUPERIOR COMPLETO,1499554.41,13,Dinheiro em espécie - moeda nacional
40002542963,VANGELA FREITAS,DEPUTADO ESTADUAL,PL,FEMININO,SUPERIOR COMPLETO,1480000.0,2,Casa
40002541746,ALDENOR LIMA,DEPUTADO ESTADUAL,UNIÃO,MASCULINO,SUPERIOR COMPLETO,1479773.14,13,Depósito bancário em conta corrente no País
40002532271,ALESSANDRA CAMPELO,VICE-GOVERNADOR,PSD,FEMININO,SUPERIOR COMPLETO,1443073.26,6,Casa
40002536086,DAVID ALMEIDA,GOVERNADOR,AVANTE,MASCULINO,SUPERIOR COMPLETO,1432848.4,6,Apartamento
40002542661,CARLINHOS BESSA,DEPUTADO ESTADUAL,UNIÃO,MASCULINO,SUPERIOR COMPLETO,1397132.48,8,Depósito bancário em conta corrente no País
40002532751,DAVID BEMERGUY,DEPUTADO ESTADUAL,MDB,MASCULINO,ENSINO MÉDIO COMPLETO,1376625.56,4,"Veículo automotor terrestre: caminhão, automóvel, moto, etc."
40002537615,EDUARDO ALFAIA,DEPUTADO ESTADUAL,AVANTE,MASCULINO,SUPERIOR COMPLETO,1375295.43,4,Casa
40002542969,ADRIANE MAGALHÃES,DEPUTADO ESTADUAL,PL,FEMININO,SUPERIOR COMPLETO,1373000.0,6,Terreno
40002542658,SILVYANE CASTRO,DEPUTADO ESTADUAL,UNIÃO,FEMININO,SUPERIOR COMPLETO,1363732.3,3,Apartamento
40002536479,DR. JOÃO FERNANDES,DEPUTADO ESTADUAL,AGIR,MASCULINO,SUPERIOR COMPLETO,1349124.7,8,Quotas ou quinhões de capital
40002536486,JENDER LOBATO,DEPUTADO ESTADUAL,AGIR,MASCULINO,SUPERIOR COMPLETO,1346735.29,6,Depósito bancário em conta corrente no País
40002532737,KENNEDY MARQUES PROTETOR,DEPUTADO ESTADUAL,MDB,MASCULINO,SUPERIOR COMPLETO,1286000.0,7,Terreno
40002539049,EDGAR OLIVEIRA,DEPUTADO FEDERAL,MISSÃO,MASCULINO,SUPERIOR COMPLETO,1242000.0,5,"Veículo automotor terrestre: caminhão, automóvel, moto, etc."
40002554164,WANDO FONTELES,DEPUTADO ESTADUAL,NOVO,MASCULINO,SUPERIOR COMPLETO,1200000.0,3,Apartamento
40002541602,DR. FELIX E BANCADA ATIVISTA,DEPUTADO ESTADUAL,PODE,MASCULINO,SUPERIOR COMPLETO,1155369.39,6,Sala ou conjunto
40002540484,CORONEL ROSSES,DEPUTADO FEDERAL,PL,MASCULINO,SUPERIOR COMPLETO,1106430.0,9,Terreno
40002535389,ISAÍAS AMAZONAS,1º SUPLENTE,DC,MASCULINO,SUPERIOR COMPLETO,1100000.0,2,Quotas ou quinhões de capital
40002537626,DRA ALCINETE,DEPUTADO ESTADUAL,AVANTE,FEMININO,SUPERIOR COMPLETO,1064756.54,8,Casa
40002547001,LUIZ CASTRO,DEPUTADO ESTADUAL,PDT,MASCULINO,SUPERIOR COMPLETO,983111.6,12,Outros bens imóveis
40002536087,DRA. SHÁDIA,VICE-GOVERNADOR,AVANTE,FEMININO,SUPERIOR COMPLETO,977563.8,5,Quotas ou quinhões de capital
40002541606,CORONEL BONATES,DEPUTADO ESTADUAL,PODE,MASCULINO,SUPERIOR COMPLETO,975783.57,6,"Aplicação de renda fixa (CDB, RDB e outros)"
40002532736,THIAGO ABRAHIM,DEPUTADO ESTADUAL,MDB,MASCULINO,SUPERIOR COMPLETO,950008.44,2,Apartamento
40002532771,EURICO TAVARES,DEPUTADO ESTADUAL,PSD,MASCULINO,ENSINO MÉDIO COMPLETO,915862.24,6,Consórcio não contemplado
40002531444,BETH DOCINHO,DEPUTADO FEDERAL,MDB,FEMININO,SUPERIOR COMPLETO,913095.4,16,Caderneta de poupança
40002542667,MÁRIO CÉSAR FILHO,DEPUTADO ESTADUAL,UNIÃO,MASCULINO,SUPERIOR COMPLETO,891745.8200000001,4,"Veículo automotor terrestre: caminhão, automóvel, moto, etc."
40002532747,ELIZABETH OLIVEIRA,DEPUTADO ESTADUAL,MDB,FEMININO,SUPERIOR COMPLETO,885000.0,3,Caderneta de poupança
40002535266,JULIANA FROTA,VICE-GOVERNADOR,PSTU,FEMININO,SUPERIOR COMPLETO,854138.24,6,Apartamento
40002536476,DANIEL LIMA,DEPUTADO ESTADUAL,AGIR,MASCULINO,SUPERIOR COMPLETO,843806.4400000001,4,Caderneta de poupança
40002536491,O KEITTON,DEPUTADO ESTADUAL,AGIR,MASCULINO,SUPERIOR COMPLETO,840407.14,8,Depósito bancário em conta corrente no País
40002541743,BABÁ TUPINAMBÁ,2º SUPLENTE,PP,MASCULINO,ENSINO FUNDAMENTAL COMPLETO,811631.13,6,Quotas ou quinhões de capital
40002536447,SORAYA COHEN,DEPUTADO FEDERAL,NOVO,FEMININO,SUPERIOR COMPLETO,800000.0,1,Casa
40002537621,JUNIOR VELOSO,DEPUTADO ESTADUAL,AVANTE,MASCULINO,SUPERIOR INCOMPLETO,788937.25,4,Terreno
40002541617,LOIRA DO SALGADO,DEPUTADO FEDERAL,PSB,FEMININO,ENSINO MÉDIO COMPLETO,782317.0,8,"Veículo automotor terrestre: caminhão, automóvel, moto, etc."
40002532753,FELIPE LOBO,DEPUTADO ESTADUAL,MDB,MASCULINO,SUPERIOR COMPLETO,768565.47,4,Quotas ou quinhões de capital
40002541610,GLENIO SEIXAS,DEPUTADO ESTADUAL,PODE,MASCULINO,SUPERIOR INCOMPLETO,763084.0,4,"Veículo automotor terrestre: caminhão, automóvel, moto, etc."
40002553901,NÍSSIA AGUIAR,DEPUTADO ESTADUAL,PL,FEMININO,SUPERIOR COMPLETO,750000.0,1,Casa
40002536432,DRA ARYEL ALMEIDA,DEPUTADO FEDERAL,AVANTE,FEMININO,SUPERIOR COMPLETO,740812.0,3,"Veículo automotor terrestre: caminhão, automóvel, moto, etc."
40002541607,MARCIO BRAGA MANINHO,DEPUTADO ESTADUAL,PODE,MASCULINO,SUPERIOR COMPLETO,719000.0,2,Apartamento
40002546982,MARCOS CAVALCANTE,DEPUTADO ESTADUAL,PDT,MASCULINO,SUPERIOR COMPLETO,712000.0,2,Casa
40002532745,ANDERSON ALMADA,DEPUTADO ESTADUAL,MDB,MASCULINO,ENSINO MÉDIO COMPLETO,700000.0,3,Casa
40002536912,ZÉ REAL,DEPUTADO ESTADUAL,NOVO,MASCULINO,SUPERIOR INCOMPLETO,700000.0,2,Casa
40002542686,CAPITÃO ALBERTO NETO,SENADOR,PL,MASCULINO,SUPERIOR COMPLETO,655440.85,8,Outras aplicações e Investimentos
40002545593,LUIZ BORGES,DEPUTADO FEDERAL,PT,MASCULINO,SUPERIOR COMPLETO,655000.0,4,Casa
40002534387,DRA. JOSEPHA ABREU,DEPUTADO ESTADUAL,REPUBLICANOS,FEMININO,SUPERIOR COMPLETO,653755.44,7,Apartamento
40002531442,ARTHUR NETO,DEPUTADO FEDERAL,MDB,MASCULINO,SUPERIOR COMPLETO,648676.96,3,Apartamento
40002537345,PROFESSORA JUDITE,2º SUPLENTE,PSDB,FEMININO,SUPERIOR COMPLETO,635956.26,7,Outros fundos
40002546990,AMANDA MOTOTÁXI,DEPUTADO ESTADUAL,PDT,FEMININO,ENSINO MÉDIO COMPLETO,635000.0,4,Outros bens imóveis
40002537623,ELAN ALENCAR,DEPUTADO ESTADUAL,AVANTE,MASCULINO,ENSINO MÉDIO COMPLETO,620000.0,2,Casa
40002542655,MARCELLUS CAMPÊLO,DEPUTADO ESTADUAL,UNIÃO,MASCULINO,SUPERIOR COMPLETO,607990.0,2,Quotas ou quinhões de capital
40002536435,JOELSON SILVA,DEPUTADO FEDERAL,AVANTE,MASCULINO,SUPERIOR COMPLETO,602981.69,5,Casa
40002532769,CAPITÃO ISAÍAS,DEPUTADO ESTADUAL,PSD,MASCULINO,SUPERIOR COMPLETO,600000.0,1,Casa
40002536490,JOANA DANTAS,DEPUTADO ESTADUAL,AGIR,FEMININO,ENSINO MÉDIO COMPLETO,600000.0,2,Casa
40002532775,BOSCO SARAIVA,DEPUTADO ESTADUAL,PSD,MASCULINO,SUPERIOR COMPLETO,599329.2999999999,7,OUTROS BENS E DIREITOS
40002541744,WILSON LIMA,SENADOR,UNIÃO,MASCULINO,SUPERIOR COMPLETO,597210.85,4,Apartamento
40002532779,LEILANE OLIVEIRA,DEPUTADO ESTADUAL,PSD,FEMININO,ENSINO MÉDIO COMPLETO,585000.0,3,Apartamento
40002542666,DR. GOMES,DEPUTADO ESTADUAL,UNIÃO,MASCULINO,SUPERIOR COMPLETO,554943.25,4,Apartamento
40002537627,ABDALA FRAXE,DEPUTADO ESTADUAL,AVANTE,MASCULINO,SUPERIOR COMPLETO,554165.18,2,Casa
40002536436,PROFESSOR DALMIR SALAZAR,DEPUTADO FEDERAL,AVANTE,MASCULINO,SUPERIOR COMPLETO,550000.0,2,Casa
40002545602,HERBERT AMAZONAS,DEPUTADO ESTADUAL,PT,MASCULINO,ENSINO MÉDIO COMPLETO,549800.0,3,"Veículo automotor terrestre: caminhão, automóvel, moto, etc."
40002541599,CORONEL VINICIUS ALMEIDA,DEPUTADO ESTADUAL,PODE,MASCULINO,SUPERIOR COMPLETO,544915.08,19,OUTROS BENS E DIREITOS
40002536077,DENISON VILAR DA SAÚDE,DEPUTADO FEDERAL,DC,MASCULINO,SUPERIOR COMPLETO,544831.51,3,Casa
40002542669,MARCEL ALEXANDRE,DEPUTADO ESTADUAL,UNIÃO,MASCULINO,SUPERIOR COMPLETO,527224.74,6,Caderneta de poupança
40002536907,JUNIO LIMA,DEPUTADO ESTADUAL,NOVO,MASCULINO,SUPERIOR COMPLETO,515000.0,4,Terreno
40002536454,EFIGÊNIO CARVALHO,DEPUTADO FEDERAL,NOVO,MASCULINO,SUPERIOR COMPLETO,515000.0,2,Outros bens móveis
40002541615,JOÃOZINHO  MIRANDA,DEPUTADO ESTADUAL,PODE,MASCULINO,SUPERIOR COMPLETO,514300.0,5,OUTROS BENS E DIREITOS
40002534389,JOÃO LUIZ,DEPUTADO ESTADUAL,REPUBLICANOS,MASCULINO,SUPERIOR COMPLETO,510777.9,3,Embarcação
40002536911,JEAN CARLOS,DEPUTADO ESTADUAL,NOVO,MASCULINO,SUPERIOR COMPLETO,500000.0,1,Prédio comercial
40002554220,JEAN CARLOS,DEPUTADO FEDERAL,NOVO,MASCULINO,SUPERIOR COMPLETO,500000.0,1,Prédio comercial
40002532785,DELEGADA ANA OLIVEIRA,DEPUTADO ESTADUAL,PSD,FEMININO,SUPERIOR COMPLETO,490000.0,2,Apartamento
40002533207,AMOM MANDEL,DEPUTADO FEDERAL,REPUBLICANOS,MASCULINO,SUPERIOR COMPLETO,461522.68,18,Ações (inclusive as provenientes de linha telefônica)
40002537351,GILMAR NASCIMENTO,DEPUTADO ESTADUAL,AVANTE,MASCULINO,SUPERIOR COMPLETO,452257.68,2,Apartamento
40002542957,CAPITÃO CARPÊ,DEPUTADO ESTADUAL,PL,MASCULINO,SUPERIOR COMPLETO,451600.0,2,Apartamento
40002531441,SAULLO VIANNA,DEPUTADO FEDERAL,MDB,MASCULINO,SUPERIOR COMPLETO,444971.36,7,Consórcio não contemplado
40002541627,CORONEL ANIBAL,VICE-GOVERNADOR,PL,MASCULINO,SUPERIOR COMPLETO,436929.13,6,Outras aplicações e Investimentos
40002545598,EDJANE DA FETAGRI,DEPUTADO FEDERAL,PT,FEMININO,SUPERIOR COMPLETO,435100.0,4,"Veículo automotor terrestre: caminhão, automóvel, moto, etc."
40002545600,LUIS CARLOS VELHO,DEPUTADO FEDERAL,PT,MASCULINO,SUPERIOR COMPLETO,425000.0,3,Casa
40002532743,PROFESSOR VAL,DEPUTADO ESTADUAL,MDB,MASCULINO,SUPERIOR COMPLETO,416500.0,7,"Veículo automotor terrestre: caminhão, automóvel, moto, etc."
40002541628,CAPITÃO DILSON CASTRO,DEPUTADO ESTADUAL,AGIR,MASCULINO,SUPERIOR COMPLETO,401561.82,4,Apartamento
40002542676,JOANA DARC,DEPUTADO FEDERAL,UNIÃO,FEMININO,SUPERIOR COMPLETO,399428.82999999996,2,Apartamento
40002542680,LUCIANO VIEIRA,DEPUTADO ESTADUAL,PSB,MASCULINO,ENSINO MÉDIO INCOMPLETO,384000.0,9,"Veículo automotor terrestre: caminhão, automóvel, moto, etc."
40002542955,WILLACE SOUZA,DEPUTADO ESTADUAL,PL,MASCULINO,ENSINO MÉDIO COMPLETO,380810.02,8,Outros créditos e poupança vinculados
40002537350,PAI AMADO,DEPUTADO ESTADUAL,AVANTE,MASCULINO,ENSINO MÉDIO COMPLETO,380000.0,3,Terreno
40002542675,SAIMON BESSA,DEPUTADO FEDERAL,UNIÃO,MASCULINO,SUPERIOR COMPLETO,378419.99,5,Depósito bancário em conta corrente no País
40002545599,DENIS DA SILVA,DEPUTADO FEDERAL,PT,MASCULINO,SUPERIOR COMPLETO,378000.0,2,Casa
40002532778,EMANOEL PINHEIRO,DEPUTADO ESTADUAL,PSD,MASCULINO,ENSINO MÉDIO COMPLETO,373000.74,6,Outras aplicações e Investimentos
40002534391,CEL. AMADEU,DEPUTADO ESTADUAL,REPUBLICANOS,MASCULINO,SUPERIOR COMPLETO,358000.0,4,Terreno
40002541586,SARGENTO AUGUSTO,DEPUTADO FEDERAL,PODE,MASCULINO,SUPERIOR COMPLETO,350000.0,1,Casa
40002536449,DIANA RODRIGUES,DEPUTADO FEDERAL,NOVO,FEMININO,SUPERIOR COMPLETO,350000.0,3,"Veículo automotor terrestre: caminhão, automóvel, moto, etc."
40002542958,FRANK PARENTE,DEPUTADO ESTADUAL,PL,MASCULINO,ENSINO MÉDIO COMPLETO,342867.0,7,Casa
40002542678,DR. MIGUEL CARRATTE,DEPUTADO FEDERAL,UNIÃO,MASCULINO,SUPERIOR COMPLETO,340785.66,8,"Veículo automotor terrestre: caminhão, automóvel, moto, etc."
40002542964,FRANK CABEÇA,DEPUTADO ESTADUAL,PL,MASCULINO,SUPERIOR COMPLETO,337807.74,6,"Veículo automotor terrestre: caminhão, automóvel, moto, etc."
40002532782,MAYRA DIAS,DEPUTADO ESTADUAL,PSD,FEMININO,SUPERIOR COMPLETO,336160.29,5,Apartamento
40002551009,MARCOS APURINÃ,DEPUTADO FEDERAL,REDE,MASCULINO,ENSINO MÉDIO COMPLETO,320000.0,2,Outros bens imóveis
40002536079,FRANK CARLOS,DEPUTADO FEDERAL,DC,MASCULINO,SUPERIOR INCOMPLETO,320000.0,1,Apartamento
40002531438,VANDA WITOTO,DEPUTADO FEDERAL,MDB,FEMININO,SUPERIOR COMPLETO,310000.0,3,Casa
40002545609,ERON BEZERRA,DEPUTADO ESTADUAL,PCDOB,MASCULINO,SUPERIOR COMPLETO,309873.35,9,Caderneta de poupança
40002536484,RODRIGO MELO,DEPUTADO ESTADUAL,AGIR,MASCULINO,SUPERIOR COMPLETO,302874.0,3,"Veículo automotor terrestre: caminhão, automóvel, moto, etc."
40002532759,JORGE OLIVEIRA,DEPUTADO FEDERAL,PSD,MASCULINO,SUPERIOR COMPLETO,300000.0,2,Casa
40002537349,DANIEL ALMEIDA,DEPUTADO ESTADUAL,AVANTE,MASCULINO,ENSINO MÉDIO COMPLETO,300000.0,1,Casa
40002537622,RADYR OLIVEIRA,DEPUTADO ESTADUAL,AVANTE,MASCULINO,ENSINO MÉDIO COMPLETO,300000.0,3,"Veículo automotor terrestre: caminhão, automóvel, moto, etc."
40002545606,CLÓVIS CURUBÃO,DEPUTADO ESTADUAL,PT,MASCULINO,ENSINO FUNDAMENTAL INCOMPLETO,300000.0,1,Casa
40002531443,NATHAN MACENA,DEPUTADO FEDERAL,MDB,MASCULINO,ENSINO MÉDIO COMPLETO,300000.0,1,Casa
40002532755,SOCORRO DO CAFÉ,DEPUTADO ESTADUAL,MDB,FEMININO,ENSINO MÉDIO COMPLETO,300000.0,1,Casa
40002551283,ISMAEL MUNDURUKU,SENADOR,REDE,MASCULINO,SUPERIOR COMPLETO,300000.0,1,Casa
40002532756,NEURIANE MUNDURUKU,DEPUTADO ESTADUAL,MDB,FEMININO,ENSINO MÉDIO COMPLETO,300000.0,2,Quotas ou quinhões de capital
40002532758,NATH NASCIMENTO,DEPUTADO FEDERAL,PSD,FEMININO,SUPERIOR COMPLETO,296856.15,8,OUTROS BENS E DIREITOS
40002546992,DR. ERON DE SÁ,DEPUTADO ESTADUAL,PDT,MASCULINO,SUPERIOR COMPLETO,280000.0,2,Outros bens imóveis
40002541752,NEIBE ARAUJO,DEPUTADO ESTADUAL,UNIÃO,MASCULINO,SUPERIOR COMPLETO,265667.11,2,Terreno
40002532765,DELEGADA DÉBORA MAFRA,DEPUTADO FEDERAL,PSD,FEMININO,SUPERIOR COMPLETO,263050.24,4,Caderneta de poupança
40002542672,THAYSA LIPPY,DEPUTADO FEDERAL,UNIÃO,FEMININO,SUPERIOR COMPLETO,262019.06,5,Depósito bancário em conta corrente no País
40002537348,ENFERMEIRA JUCINARA,DEPUTADO ESTADUAL,AVANTE,FEMININO,SUPERIOR COMPLETO,260000.0,1,"Veículo automotor terrestre: caminhão, automóvel, moto, etc."
40002536492,MARY ALVES,DEPUTADO ESTADUAL,AGIR,FEMININO,ENSINO MÉDIO COMPLETO,250000.0,1,Casa
40002551008,ODIMAR GUIMARÃES,DEPUTADO FEDERAL,REDE,FEMININO,SUPERIOR COMPLETO,250000.0,1,Casa
40002536910,LENO MENEZES,DEPUTADO ESTADUAL,NOVO,MASCULINO,ENSINO MÉDIO COMPLETO,250000.0,2,Casa
40002536894,MARLUCIA VIEIRA,DEPUTADO ESTADUAL,NOVO,FEMININO,SUPERIOR COMPLETO,250000.0,1,Apartamento
40002536450,ODER AURÉLIO,DEPUTADO FEDERAL,NOVO,MASCULINO,SUPERIOR COMPLETO,247000.0,3,Apartamento
40002541748,MARCO CASTILHOS,DEPUTADO ESTADUAL,UNIÃO,MASCULINO,SUPERIOR COMPLETO,243633.25,7,"Aplicação de renda fixa (CDB, RDB e outros)"
40002541584,MAURO TEIXEIRA,DEPUTADO FEDERAL,PODE,MASCULINO,SUPERIOR COMPLETO,240000.0,3,"Veículo automotor terrestre: caminhão, automóvel, moto, etc."
40002542961,MARCELLO DEMASI,DEPUTADO ESTADUAL,PL,MASCULINO,SUPERIOR COMPLETO,237083.97,6,Caderneta de poupança
40002534390,CATIANNE ALVES,DEPUTADO ESTADUAL,REPUBLICANOS,FEMININO,SUPERIOR COMPLETO,235000.0,2,Dinheiro em espécie - moeda nacional
40002549900,MARQUINHOS MAIA,DEPUTADO FEDERAL,SOLIDARIEDADE,MASCULINO,ENSINO MÉDIO COMPLETO,230100.0,2,Apartamento
40002537616,DR EDUARDO ASSIS,DEPUTADO ESTADUAL,AVANTE,MASCULINO,SUPERIOR COMPLETO,230000.0,2,Casa
40002536891,LUCAS SÁ,DEPUTADO ESTADUAL,NOVO,MASCULINO,SUPERIOR COMPLETO,220000.0,3,Casa
40002536895,NEDY VALE,DEPUTADO ESTADUAL,NOVO,MASCULINO,ENSINO FUNDAMENTAL COMPLETO,220000.0,2,Casa
40002534372,GUSTAVO  MORAIS,DEPUTADO ESTADUAL,REPUBLICANOS,MASCULINO,ENSINO MÉDIO COMPLETO,200000.0,1,Outras participações societárias
40002536892,CHICO ARAÚJO,DEPUTADO ESTADUAL,NOVO,MASCULINO,ENSINO MÉDIO COMPLETO,200000.0,2,Casa
40002536437,DR RAIONE CABRAL,DEPUTADO FEDERAL,AVANTE,MASCULINO,SUPERIOR COMPLETO,200000.0,1,Dinheiro em espécie - moeda nacional
40002542949,MICHEL FELIPE,DEPUTADO ESTADUAL,PL,MASCULINO,SUPERIOR COMPLETO,198237.03,2,Casa
40002541740,SERAFIM,VICE-GOVERNADOR,PSB,MASCULINO,SUPERIOR COMPLETO,193671.12,3,Depósito bancário em conta corrente no País
40002551740,CABO DACIOLO,GOVERNADOR,MOBILIZA,MASCULINO,SUPERIOR COMPLETO,190750.0,15,OUTROS BENS E DIREITOS
40002532739,CABO JONAS NATARIO,DEPUTADO ESTADUAL,MDB,MASCULINO,SUPERIOR COMPLETO,181437.47,5,"Veículo automotor terrestre: caminhão, automóvel, moto, etc."
40002542971,DÉBORA MENEZES,DEPUTADO ESTADUAL,PL,FEMININO,SUPERIOR COMPLETO,171221.87,12,Quotas ou quinhões de capital
40002532746,ADENILSON FILHO DO RIO MADEIRA,DEPUTADO ESTADUAL,MDB,MASCULINO,SUPERIOR COMPLETO,171000.0,3,"Veículo automotor terrestre: caminhão, automóvel, moto, etc."
40002536439,CRIS PAIVA,DEPUTADO FEDERAL,AVANTE,FEMININO,SUPERIOR INCOMPLETO,165000.0,2,Dinheiro em espécie - moeda nacional
40002534381,DONIZETE DA VOZ,DEPUTADO ESTADUAL,REPUBLICANOS,MASCULINO,ENSINO MÉDIO COMPLETO,160000.0,2,Casa
40002551320,YURA MARUBO,DEPUTADO ESTADUAL,REDE,MASCULINO,SUPERIOR COMPLETO,160000.0,1,Casa
40002537625,RODINEI RAMOS,DEPUTADO ESTADUAL,AVANTE,MASCULINO,SUPERIOR INCOMPLETO,160000.0,1,"Veículo automotor terrestre: caminhão, automóvel, moto, etc."
40002537343,KELLY BARBOSA,1º SUPLENTE,PSDB,FEMININO,ENSINO FUNDAMENTAL COMPLETO,150000.0,1,"Veículo automotor terrestre: caminhão, automóvel, moto, etc."
40002541750,ELDA GARCIA,DEPUTADO ESTADUAL,UNIÃO,FEMININO,SUPERIOR COMPLETO,150000.0,1,Casa
40002551011,PROFESSOR WELTON ODA,DEPUTADO FEDERAL,PSOL,MASCULINO,SUPERIOR COMPLETO,145671.81,4,Caderneta de poupança
40002534393,DR. BRITO,DEPUTADO ESTADUAL,REPUBLICANOS,MASCULINO,SUPERIOR COMPLETO,140000.0,4,Outras participações societárias
40002540479,PAULA PORTELA,DEPUTADO FEDERAL,PL,FEMININO,SUPERIOR COMPLETO,139000.0,2,Quotas ou quinhões de capital
40002546994,PROFESSOR ADEMIR,DEPUTADO ESTADUAL,PDT,MASCULINO,SUPERIOR INCOMPLETO,139000.0,4,"Veículo automotor terrestre: caminhão, automóvel, moto, etc."
40002542681,PROFESSORA TATIANA,DEPUTADO ESTADUAL,PSB,FEMININO,SUPERIOR COMPLETO,124982.47,6,"Veículo automotor terrestre: caminhão, automóvel, moto, etc."
40002536480,KENNY SOUZA,DEPUTADO ESTADUAL,AGIR,FEMININO,ENSINO MÉDIO COMPLETO,120000.0,1,Apartamento
40002536898,RONILSON SOUZA,DEPUTADO ESTADUAL,NOVO,MASCULINO,SUPERIOR COMPLETO,118000.0,3,Ações (inclusive as provenientes de linha telefônica)
40002535272,JOÃO REBOUÇAS,2º SUPLENTE,PSTU,MASCULINO,SUPERIOR COMPLETO,114977.2,3,"Aplicação de renda fixa (CDB, RDB e outros)"
40002536487,GIDEANE BRASIL,DEPUTADO ESTADUAL,AGIR,FEMININO,ENSINO MÉDIO COMPLETO,113201.0,1,"Veículo automotor terrestre: caminhão, automóvel, moto, etc."
40002549856,DANIEL SOUZA,DEPUTADO FEDERAL,PDT,MASCULINO,SUPERIOR COMPLETO,111000.0,4,"Veículo automotor terrestre: caminhão, automóvel, moto, etc."
40002532742,PROF.. GINA GONZÁLEZ,DEPUTADO ESTADUAL,MDB,FEMININO,SUPERIOR COMPLETO,108000.0,3,"Veículo automotor terrestre: caminhão, automóvel, moto, etc."
40002545594,ANNE MOURA,DEPUTADO FEDERAL,PT,FEMININO,SUPERIOR INCOMPLETO,106572.11,3,"Aplicação de renda fixa (CDB, RDB e outros)"
40002532740,MATHEUS GARCIA,DEPUTADO ESTADUAL,MDB,MASCULINO,SUPERIOR COMPLETO,103609.2,4,Quotas ou quinhões de capital
40002551739,PROFESSOR IGOR OLIVEIRA,VICE-GOVERNADOR,MOBILIZA,MASCULINO,SUPERIOR COMPLETO,102541.23,2,Caderneta de poupança
40002537353,DAVID REIS,DEPUTADO ESTADUAL,AVANTE,MASCULINO,SUPERIOR COMPLETO,100000.0,1,Casa
40002536078,GONZA,DEPUTADO FEDERAL,DC,MASCULINO,ENSINO MÉDIO COMPLETO,100000.0,1,Quotas ou quinhões de capital
40002536489,MAGRINHA ELEN,DEPUTADO ESTADUAL,AGIR,FEMININO,LÊ E ESCREVE,100000.0,1,Quotas ou quinhões de capital
40002535269,TARCÍSIO LEÃO,DEPUTADO ESTADUAL,PSTU,MASCULINO,SUPERIOR COMPLETO,100000.0,2,"Veículo automotor terrestre: caminhão, automóvel, moto, etc."
40002537617,ISABELLY AURORA,DEPUTADO ESTADUAL,AVANTE,FEMININO,SUPERIOR INCOMPLETO,100000.0,1,OUTROS BENS E DIREITOS
40002551313,JOSÉ DO NORTE,DEPUTADO ESTADUAL,PSOL,MASCULINO,ENSINO FUNDAMENTAL INCOMPLETO,94000.0,3,"Veículo automotor terrestre: caminhão, automóvel, moto, etc."
40002536897,RAFAEL BASTOS,DEPUTADO ESTADUAL,NOVO,MASCULINO,SUPERIOR COMPLETO,88000.0,1,"Veículo automotor terrestre: caminhão, automóvel, moto, etc."
40002542687,MÁRIO BASTOS,2º SUPLENTE,PL,MASCULINO,SUPERIOR COMPLETO,85577.57,5,Caderneta de poupança
40002541625,JOAQUIM FELIPE,DEPUTADO FEDERAL,PSB,MASCULINO,SUPERIOR COMPLETO,81757.67,2,"Aplicação de renda fixa (CDB, RDB e outros)"
40002551305,AILTON FERNANDES,DEPUTADO ESTADUAL,PSOL,MASCULINO,SUPERIOR COMPLETO,80000.0,1,Casa
40002533208,JOÃO CARLOS,DEPUTADO FEDERAL,REPUBLICANOS,MASCULINO,SUPERIOR COMPLETO,77809.09,1,"Veículo automotor terrestre: caminhão, automóvel, moto, etc."
40002539046,LUCIANA VIGA,DEPUTADO FEDERAL,MISSÃO,FEMININO,SUPERIOR COMPLETO,71580.0,2,"Fundos: Ações, Mútuos de Privatização, Invest. Empresas Emergentes, Invest.Participação e Invest. Índice Mercado"
40002532772,LOURISVAL PEREIRA,DEPUTADO ESTADUAL,PSD,MASCULINO,SUPERIOR COMPLETO,67516.28,3,Outros fundos
40002532776,NÁDIA SALDANHA,DEPUTADO ESTADUAL,PSD,FEMININO,SUPERIOR COMPLETO,65000.0,2,Dinheiro em espécie - moeda nacional
40002546989,PERI,DEPUTADO ESTADUAL,PDT,MASCULINO,SUPERIOR COMPLETO,60000.0,2,"Veículo automotor terrestre: caminhão, automóvel, moto, etc."
40002549906,CARLES WALDEMAR MAGUILA,DEPUTADO FEDERAL,SOLIDARIEDADE,MASCULINO,ENSINO MÉDIO INCOMPLETO,57925.22,6,Depósito bancário em conta corrente no País
40002551281,PROFESSORA EVANY,SENADOR,PSOL,FEMININO,SUPERIOR COMPLETO,52448.3,2,"Aplicação de renda fixa (CDB, RDB e outros)"
40002532766,AMAURI GOMES,DEPUTADO FEDERAL,PSD,MASCULINO,SUPERIOR COMPLETO,50000.0,1,Outras participações societárias
40002549862,DARLENE NEVES,DEPUTADO FEDERAL,PDT,FEMININO,ENSINO MÉDIO COMPLETO,50000.0,1,"Veículo automotor terrestre: caminhão, automóvel, moto, etc."
40002535274,AUXILIADORA CASTRO,DEPUTADO FEDERAL,PSTU,FEMININO,ENSINO MÉDIO COMPLETO,50000.0,1,Casa
40002545607,LOURDES QUILOMBOLA,DEPUTADO ESTADUAL,PT,FEMININO,SUPERIOR COMPLETO,50000.0,1,Casa
40002551007,VAL SANTOS,DEPUTADO FEDERAL,PSOL,FEMININO,SUPERIOR COMPLETO,50000.0,1,Apartamento
40002536453,PAULO ARTHUR,DEPUTADO FEDERAL,NOVO,MASCULINO,ENSINO MÉDIO COMPLETO,50000.0,1,Casa
40002532761,SIDNEY LEITE,DEPUTADO FEDERAL,PSD,MASCULINO,SUPERIOR COMPLETO,44462.54,3,Depósito bancário em conta corrente no País
40002535390,CAPELÃO ROBERTO DA SILVA,2º SUPLENTE,DC,MASCULINO,SUPERIOR COMPLETO,42024.0,3,"Veículo automotor terrestre: caminhão, automóvel, moto, etc."
40002545596,MARÍLIA FREIRE,DEPUTADO FEDERAL,PCDOB,FEMININO,SUPERIOR COMPLETO,40000.0,1,"Veículo automotor terrestre: caminhão, automóvel, moto, etc."
40002549902,GOIABEIRA,DEPUTADO FEDERAL,SOLIDARIEDADE,MASCULINO,SUPERIOR COMPLETO,35300.0,2,"Veículo automotor terrestre: caminhão, automóvel, moto, etc."
40002551309,HUMBERTO KORIPACO,DEPUTADO ESTADUAL,REDE,MASCULINO,SUPERIOR COMPLETO,33800.4,1,"Veículo automotor terrestre: caminhão, automóvel, moto, etc."
40002542654,SARGENTO BRUNA,DEPUTADO ESTADUAL,UNIÃO,FEMININO,SUPERIOR COMPLETO,30000.0,1,"Veículo automotor terrestre: caminhão, automóvel, moto, etc."
40002541596,CARLOS DE JESUS,DEPUTADO ESTADUAL,PODE,MASCULINO,SUPERIOR COMPLETO,30000.0,1,"Veículo automotor terrestre: caminhão, automóvel, moto, etc."
40002532790,LEANDRO ATIVISTA PCD,DEPUTADO ESTADUAL,PSD,MASCULINO,ENSINO MÉDIO COMPLETO,30000.0,1,"Veículo automotor terrestre: caminhão, automóvel, moto, etc."
40002536913,JONH SILVA,DEPUTADO ESTADUAL,NOVO,MASCULINO,SUPERIOR COMPLETO,30000.0,2,"Veículo automotor terrestre: caminhão, automóvel, moto, etc."
40002546985,FERNANDÃO,DEPUTADO ESTADUAL,PDT,MASCULINO,ENSINO MÉDIO COMPLETO,30000.0,1,"Veículo automotor terrestre: caminhão, automóvel, moto, etc."
40002551314,NELSON NOEL,DEPUTADO ESTADUAL,PSOL,MASCULINO,ENSINO FUNDAMENTAL INCOMPLETO,28000.0,2,"Veículo automotor terrestre: caminhão, automóvel, moto, etc."
40002541587,RITA DA ENFERMAGEM,DEPUTADO FEDERAL,PODE,FEMININO,SUPERIOR INCOMPLETO,28000.0,1,"Veículo automotor terrestre: caminhão, automóvel, moto, etc."
40002542684,KATRYNA BERNARDO,DEPUTADO ESTADUAL,PSB,FEMININO,SUPERIOR COMPLETO,28000.0,1,"Veículo automotor terrestre: caminhão, automóvel, moto, etc."
40002533205,VIVIANE LIMA,DEPUTADO FEDERAL,REPUBLICANOS,FEMININO,ENSINO MÉDIO COMPLETO,25000.0,1,Dinheiro em espécie - moeda nacional
40002535268,ENEIDA VASCONCELOS,DEPUTADO ESTADUAL,PSTU,FEMININO,SUPERIOR COMPLETO,25000.0,1,"Veículo automotor terrestre: caminhão, automóvel, moto, etc."
40002536905,LICO ARAÚJO,DEPUTADO ESTADUAL,NOVO,MASCULINO,SUPERIOR INCOMPLETO,25000.0,2,"Veículo automotor terrestre: caminhão, automóvel, moto, etc."
40002542962,KIDSON MAIA,DEPUTADO ESTADUAL,PL,MASCULINO,SUPERIOR INCOMPLETO,25000.0,1,Quotas ou quinhões de capital
40002533206,SILAS CÂMARA,DEPUTADO FEDERAL,REPUBLICANOS,MASCULINO,SUPERIOR COMPLETO,21234.77,2,Depósito bancário em conta corrente no País
40002546981,NEY DA PANAIR,DEPUTADO ESTADUAL,PDT,MASCULINO,ENSINO MÉDIO COMPLETO,20000.0,1,"Veículo automotor terrestre: caminhão, automóvel, moto, etc."
40002532764,DELEGADO LÁZARO MENDES,DEPUTADO FEDERAL,PSD,MASCULINO,SUPERIOR COMPLETO,20000.0,2,Terreno
40002536081,NONATO CHEGADO,DEPUTADO FEDERAL,DC,MASCULINO,LÊ E ESCREVE,17280.0,1,"Veículo automotor terrestre: caminhão, automóvel, moto, etc."
40002541609,TIAGO FALCÃO,DEPUTADO ESTADUAL,PODE,MASCULINO,SUPERIOR COMPLETO,15998.08,7,"Fundos: Ações, Mútuos de Privatização, Invest. Empresas Emergentes, Invest.Participação e Invest. Índice Mercado"
40002545610,BRENDA OLIVEIRA,DEPUTADO ESTADUAL,PT,FEMININO,SUPERIOR INCOMPLETO,13776.0,1,"Veículo automotor terrestre: caminhão, automóvel, moto, etc."
40002542679,MESTRE CLODOALDO,DEPUTADO ESTADUAL,PSB,MASCULINO,SUPERIOR COMPLETO,12000.0,1,"Veículo automotor terrestre: caminhão, automóvel, moto, etc."
40002536483,SÂMARA SOUZA,DEPUTADO ESTADUAL,AGIR,FEMININO,SUPERIOR INCOMPLETO,10000.0,1,Quotas ou quinhões de capital
40002536083,GLÁUCIA AMAZONAS,DEPUTADO FEDERAL,DC,FEMININO,ENSINO MÉDIO COMPLETO,10000.0,1,Quotas ou quinhões de capital
40002540482,MICKA SEVALHO,DEPUTADO FEDERAL,PL,FEMININO,SUPERIOR COMPLETO,9804.1,3,Depósito bancário em conta corrente no País
40002542673,TENENTE CORONEL ADRIANA,DEPUTADO FEDERAL,PP,FEMININO,SUPERIOR COMPLETO,9362.15,3,Depósito bancário em conta corrente no País
40002551005,VALDECO TATTOO,DEPUTADO FEDERAL,PSOL,MASCULINO,ENSINO MÉDIO COMPLETO,8000.0,1,"Veículo automotor terrestre: caminhão, automóvel, moto, etc."
40002545611,SABUGO,DEPUTADO ESTADUAL,PT,MASCULINO,ENSINO MÉDIO COMPLETO,8000.0,1,Depósito bancário em conta corrente no País
40002546995,CARLOS MORAES,DEPUTADO ESTADUAL,PDT,MASCULINO,SUPERIOR INCOMPLETO,7500.0,1,"Veículo automotor terrestre: caminhão, automóvel, moto, etc."
40002535270,EVANDRO DE OLIVEIRA,SENADOR,PSTU,MASCULINO,ENSINO MÉDIO COMPLETO,7000.0,1,"Veículo automotor terrestre: caminhão, automóvel, moto, etc."
40002536475,INGRID MENDONÇA,DEPUTADO ESTADUAL,AGIR,FEMININO,SUPERIOR COMPLETO,6926.53,1,Caderneta de poupança
40002532760,ANA PAULA MESQUITA,DEPUTADO FEDERAL,PSD,FEMININO,SUPERIOR INCOMPLETO,5478.94,1,OUTROS BENS E DIREITOS
40002532752,ENFERMEIRA SOCORRO DUTRA,DEPUTADO ESTADUAL,MDB,FEMININO,SUPERIOR COMPLETO,5000.0,1,Caderneta de poupança
40002551318,NETE MOURA PROTETORA,DEPUTADO ESTADUAL,PSOL,FEMININO,SUPERIOR COMPLETO,5000.0,1,"Veículo automotor terrestre: caminhão, automóvel, moto, etc."
40002549918,DOUTORA ALICE MAFRA,DEPUTADO FEDERAL,MOBILIZA,FEMININO,SUPERIOR COMPLETO,5000.0,1,Quotas ou quinhões de capital
40002552704,EBERSON BATERA,DEPUTADO FEDERAL,MOBILIZA,MASCULINO,ENSINO MÉDIO COMPLETO,5000.0,1,Quotas ou quinhões de capital
40002534386,RAUL DA RECICLAGEM,DEPUTADO ESTADUAL,REPUBLICANOS,MASCULINO,ENSINO MÉDIO COMPLETO,5000.0,1,Dinheiro em espécie - moeda nacional
40002532757,MÁRCIA SANTTOS,DEPUTADO ESTADUAL,MDB,FEMININO,SUPERIOR COMPLETO,5000.0,1,Caderneta de poupança
40002534388,CLAUDIO SANTOS,DEPUTADO ESTADUAL,REPUBLICANOS,MASCULINO,ENSINO MÉDIO INCOMPLETO,5000.0,1,Dinheiro em espécie - moeda nacional
40002534392,ANNE MOTA,DEPUTADO ESTADUAL,REPUBLICANOS,FEMININO,ENSINO MÉDIO COMPLETO,5000.0,1,Dinheiro em espécie - moeda nacional
40002541619,JÀRDEL INÁCIO,DEPUTADO FEDERAL,PSB,MASCULINO,SUPERIOR COMPLETO,4484.85,6,Depósito bancário em conta corrente no País
40002532786,GRAZZY,DEPUTADO ESTADUAL,PSD,FEMININO,SUPERIOR COMPLETO,4248.25,1,Outros fundos
40002552705,SGT. ANA CLAUDIA,DEPUTADO ESTADUAL,REPUBLICANOS,FEMININO,SUPERIOR INCOMPLETO,3000.0,1,Dinheiro em espécie - moeda nacional
40002533203,ADRIANA BORGES,DEPUTADO FEDERAL,REPUBLICANOS,FEMININO,SUPERIOR COMPLETO,3000.0,1,Dinheiro em espécie - moeda nacional
40002533209,JOSILDO OLIVEIRA,DEPUTADO FEDERAL,REPUBLICANOS,MASCULINO,ENSINO MÉDIO COMPLETO,3000.0,1,Dinheiro em espécie - moeda nacional
40002534374,EDVAN PURUS,DEPUTADO ESTADUAL,REPUBLICANOS,MASCULINO,ENSINO MÉDIO COMPLETO,3000.0,1,Dinheiro em espécie - moeda nacional
40002534376,LUCAS ABREU,DEPUTADO ESTADUAL,REPUBLICANOS,MASCULINO,ENSINO MÉDIO COMPLETO,3000.0,1,Dinheiro em espécie - moeda nacional
40002534378,KARLA CAMPOS,DEPUTADO ESTADUAL,REPUBLICANOS,FEMININO,SUPERIOR INCOMPLETO,3000.0,1,Dinheiro em espécie - moeda nacional
40002550805,NEIDA FARIAS,1º SUPLENTE,MOBILIZA,FEMININO,SUPERIOR COMPLETO,2294.7,6,"Aplicação de renda fixa (CDB, RDB e outros)"
40002550804,ANGELO REIS,2º SUPLENTE,MOBILIZA,MASCULINO,SUPERIOR COMPLETO,2154.33,2,"Aplicação de renda fixa (CDB, RDB e outros)"
40002534379,NAGLIA AMORIM,DEPUTADO ESTADUAL,REPUBLICANOS,FEMININO,SUPERIOR COMPLETO,2000.0,1,Dinheiro em espécie - moeda nacional
40002532748,CLÁUDIA TIKUNA,DEPUTADO ESTADUAL,MDB,FEMININO,ENSINO MÉDIO COMPLETO,2000.0,1,Caderneta de poupança
40002534383,ST MANOEL LOUREIRO,DEPUTADO ESTADUAL,REPUBLICANOS,MASCULINO,SUPERIOR COMPLETO,2000.0,1,Dinheiro em espécie - moeda nacional
40002533202,GLAUCIA REBELO,DEPUTADO FEDERAL,REPUBLICANOS,FEMININO,ENSINO MÉDIO COMPLETO,2000.0,1,Dinheiro em espécie - moeda nacional
40002531439,DRA. AMANDA PINHEIRO,DEPUTADO FEDERAL,MDB,FEMININO,SUPERIOR COMPLETO,1873.49,3,Depósito bancário em conta corrente no País
40002532738,MICHAELL SANTOS,DEPUTADO ESTADUAL,MDB,MASCULINO,SUPERIOR COMPLETO,1073.8400000000001,3,Caderneta de poupança
40002536084,PROFESSORA LENE MAIA,DEPUTADO FEDERAL,DC,FEMININO,SUPERIOR COMPLETO,1000.0,1,Casa
40002536080,DOUTORA AMANDA SOUZA,DEPUTADO FEDERAL,DC,FEMININO,SUPERIOR COMPLETO,1000.0,1,Quotas ou quinhões de capital
40002546978,ANA ROQUE,DEPUTADO FEDERAL,UP,FEMININO,SUPERIOR COMPLETO,825.09,1,"Aplicação de renda fixa (CDB, RDB e outros)"
40002545597,PROFESSOR ARQLEYDSSON,DEPUTADO FEDERAL,PCDOB,MASCULINO,SUPERIOR COMPLETO,388.7,1,Caderneta de poupança
40002532787,CB MAILSON JESUS,DEPUTADO ESTADUAL,PSD,MASCULINO,SUPERIOR COMPLETO,223.75,4,OUTROS BENS E DIREITOS
40002546977,JOÃO LIMA,DEPUTADO FEDERAL,UP,MASCULINO,SUPERIOR INCOMPLETO,120.17,1,"Aplicação de renda fixa (CDB, RDB e outros)"
40002541614,JAIRO DA VICAL,DEPUTADO ESTADUAL,PODE,MASCULINO,ENSINO MÉDIO COMPLETO,100.0,1,Depósito bancário em conta corrente no País
40002539048,IANA NADINA,DEPUTADO FEDERAL,MISSÃO,FEMININO,ENSINO MÉDIO COMPLETO,98.16,2,Ações (inclusive as provenientes de linha telefônica)
40002536493,RONY DA PESCA,DEPUTADO ESTADUAL,AGIR,MASCULINO,ENSINO MÉDIO COMPLETO,65.75,1,Caderneta de poupança
40002547000,JÚNIOR RIBEIRO,DEPUTADO ESTADUAL,PDT,MASCULINO,SUPERIOR COMPLETO,1.0,1,Depósito bancário em conta corrente no País
40002541601,SGT  LOIOLA,DEPUTADO ESTADUAL,PODE,MASCULINO,SUPERIOR COMPLETO,0.54,2,Caderneta de poupança
40002536914,EDMILSON LOPES,DEPUTADO ESTADUAL,NOVO,MASCULINO,SUPERIOR COMPLETO,0.0,0,Nenhum bem declarado
40002549860,MADALENA SILVA,DEPUTADO FEDERAL,PDT,FEMININO,ENSINO MÉDIO COMPLETO,0.0,0,Nenhum bem declarado
40002536477,MOISÉS DAS AÇÕES,DEPUTADO ESTADUAL,AGIR,MASCULINO,ENSINO MÉDIO COMPLETO,0.0,0,Nenhum bem declarado
40002549859,ROBÉRIO KAMBEBA,DEPUTADO FEDERAL,PDT,MASCULINO,SUPERIOR COMPLETO,0.0,0,Nenhum bem declarado
40002541620,PAIXÃO,DEPUTADO FEDERAL,PSB,MASCULINO,ENSINO MÉDIO COMPLETO,0.0,0,Nenhum bem declarado
40002536896,MICHAEL LEMOS,DEPUTADO ESTADUAL,NOVO,MASCULINO,SUPERIOR COMPLETO,0.0,0,Nenhum bem declarado
40002532777,JORGE SANTIAGO,DEPUTADO ESTADUAL,PSD,MASCULINO,ENSINO MÉDIO COMPLETO,0.0,0,Nenhum bem declarado
40002542685,LEIVSON LUIZ,DEPUTADO ESTADUAL,PSB,MASCULINO,SUPERIOR COMPLETO,0.0,0,Nenhum bem declarado
40002546998,TUXÁUA NAZA MURA,DEPUTADO ESTADUAL,PDT,FEMININO,ENSINO FUNDAMENTAL INCOMPLETO,0.0,0,Nenhum bem declarado
40002541621,MARCIA SILVA,DEPUTADO FEDERAL,PSB,FEMININO,ENSINO FUNDAMENTAL COMPLETO,0.0,0,Nenhum bem declarado
40002541589,ANDRE PASSOS,DEPUTADO FEDERAL,PODE,MASCULINO,SUPERIOR COMPLETO,0.0,0,Nenhum bem declarado
40002550806,XUXA DO AMAZONAS,SENADOR,MOBILIZA,MASCULINO,ENSINO MÉDIO COMPLETO,0.0,0,Nenhum bem declarado
40002551308,WLADIMIR MEDEIROS,DEPUTADO ESTADUAL,PSOL,MASCULINO,SUPERIOR COMPLETO,0.0,0,Nenhum bem declarado
40002551312,RAIMUNDA KAMBEBA,DEPUTADO ESTADUAL,REDE,FEMININO,LÊ E ESCREVE,0.0,0,Nenhum bem declarado
40002551319,NALDO MURA,DEPUTADO ESTADUAL,REDE,MASCULINO,ENSINO MÉDIO COMPLETO,0.0,0,Nenhum bem declarado
40002536899,MARCIO PATRIOTA,DEPUTADO ESTADUAL,NOVO,MASCULINO,SUPERIOR COMPLETO,0.0,0,Nenhum bem declarado
40002542660,BRENA DIANNÁ,DEPUTADO ESTADUAL,UNIÃO,FEMININO,SUPERIOR COMPLETO,0.0,0,Nenhum bem declarado
40002546987,MARCOS PATRÍCIO,DEPUTADO ESTADUAL,PDT,MASCULINO,ENSINO MÉDIO COMPLETO,0.0,0,Nenhum bem declarado
40002546988,VALESKA FREITAS,DEPUTADO ESTADUAL,PDT,FEMININO,ENSINO MÉDIO COMPLETO,0.0,0,Nenhum bem declarado
40002534380,MARCELO AMIL,DEPUTADO ESTADUAL,REPUBLICANOS,MASCULINO,SUPERIOR COMPLETO,0.0,0,Nenhum bem declarado
40002545601,MICHELLE ANDREWS,DEPUTADO ESTADUAL,PT,FEMININO,SUPERIOR INCOMPLETO,0.0,0,Nenhum bem declarado
40002536440,JUNIOR RESGATE,DEPUTADO FEDERAL,AVANTE,MASCULINO,SUPERIOR COMPLETO,0.0,0,Nenhum bem declarado
40002537352,VIVI LIRA,DEPUTADO ESTADUAL,AVANTE,FEMININO,SUPERIOR COMPLETO,0.0,0,Nenhum bem declarado
40002536485,ANTÔNIO SÁ,DEPUTADO ESTADUAL,AGIR,MASCULINO,SUPERIOR COMPLETO,0.0,0,Nenhum bem declarado
40002532754,DONMARQUES,DEPUTADO ESTADUAL,MDB,MASCULINO,SUPERIOR COMPLETO,0.0,0,Nenhum bem declarado
40002541605,ALESSANDRA FARIAS,DEPUTADO ESTADUAL,PODE,FEMININO,SUPERIOR COMPLETO,0.0,0,Nenhum bem declarado
40002542952,RAMON PEDROSA,DEPUTADO ESTADUAL,PL,MASCULINO,ENSINO MÉDIO INCOMPLETO,0.0,0,Nenhum bem declarado
40002541595,PROF. ANTONIA MCGREGOR,DEPUTADO ESTADUAL,PODE,FEMININO,SUPERIOR COMPLETO,0.0,0,Nenhum bem declarado
40002536478,MARA NÚBIA,DEPUTADO ESTADUAL,AGIR,FEMININO,SUPERIOR COMPLETO,0.0,0,Nenhum bem declarado
40002554167,PAULO MENDES,DEPUTADO ESTADUAL,PT,MASCULINO,ENSINO MÉDIO COMPLETO,0.0,0,Nenhum bem declarado
40002541592,ENFERMEIRA LILI,DEPUTADO ESTADUAL,PODE,FEMININO,SUPERIOR COMPLETO,0.0,0,Nenhum bem declarado
40002541603,THIAGUINHO LAGO AZUL E BANCADA,DEPUTADO ESTADUAL,PODE,MASCULINO,SUPERIOR COMPLETO,0.0,0,Nenhum bem declarado
40002532741,LUANA FERRAZ,DEPUTADO ESTADUAL,MDB,FEMININO,SUPERIOR COMPLETO,0.0,0,Nenhum bem declarado
40002542665,DALVA MORAIS,DEPUTADO ESTADUAL,PP,FEMININO,ENSINO MÉDIO COMPLETO,0.0,0,Nenhum bem declarado
40002545603,CRISTIANE SALES,DEPUTADO ESTADUAL,PT,FEMININO,SUPERIOR COMPLETO,0.0,0,Nenhum bem declarado
40002541590,PASTORA RUTH COSTA,DEPUTADO FEDERAL,PODE,FEMININO,SUPERIOR INCOMPLETO,0.0,0,Nenhum bem declarado
40002536904,WENDEL LARGATIXA,DEPUTADO ESTADUAL,NOVO,MASCULINO,SUPERIOR INCOMPLETO,0.0,0,Nenhum bem declarado
40002537619,FLÁVIA KETLEN,DEPUTADO ESTADUAL,AVANTE,FEMININO,SUPERIOR COMPLETO,0.0,0,Nenhum bem declarado
40002549861,JORNADA,DEPUTADO FEDERAL,PDT,MASCULINO,ENSINO MÉDIO COMPLETO,0.0,0,Nenhum bem declarado
40002539047,PATRICIA BENZAQUEM,DEPUTADO FEDERAL,MISSÃO,FEMININO,SUPERIOR COMPLETO,0.0,0,Nenhum bem declarado
40002537614,FÁBIO FARIAS,DEPUTADO ESTADUAL,AVANTE,MASCULINO,SUPERIOR COMPLETO,0.0,0,Nenhum bem declarado
40002541585,PR. EDIVAN CASTILHO,DEPUTADO FEDERAL,PODE,MASCULINO,ENSINO FUNDAMENTAL INCOMPLETO,0.0,0,Nenhum bem declarado
40002549899,DENIS REAL,DEPUTADO FEDERAL,SOLIDARIEDADE,MASCULINO,SUPERIOR INCOMPLETO,0.0,0,Nenhum bem declarado
40002546997,TATI DA NUTRIÇÃO,DEPUTADO ESTADUAL,PDT,FEMININO,SUPERIOR COMPLETO,0.0,0,Nenhum bem declarado
40002554166,RODRIGO FURTADO,DEPUTADO ESTADUAL,PT,MASCULINO,SUPERIOR INCOMPLETO,0.0,0,Nenhum bem declarado
40002532788,CLÉIA BRANCHES,DEPUTADO ESTADUAL,PSD,FEMININO,SUPERIOR COMPLETO,0.0,0,Nenhum bem declarado
40002537624,MEYB SEIXAS,DEPUTADO ESTADUAL,AVANTE,FEMININO,SUPERIOR COMPLETO,0.0,0,Nenhum bem declarado
40002542950,ANDRÉA ABRANTES,DEPUTADO ESTADUAL,PL,FEMININO,SUPERIOR INCOMPLETO,0.0,0,Nenhum bem declarado
40002541597,ROSA DAS COMUNIDADES,DEPUTADO ESTADUAL,PODE,FEMININO,SUPERIOR INCOMPLETO,0.0,0,Nenhum bem declarado
40002554168,MARIA GUIMARÃES,DEPUTADO ESTADUAL,PT,FEMININO,ENSINO MÉDIO COMPLETO,0.0,0,Nenhum bem declarado
40002536906,JOANA TRAVASSOS,DEPUTADO ESTADUAL,NOVO,FEMININO,ENSINO MÉDIO COMPLETO,0.0,0,Nenhum bem declarado
40002536908,ANDRESSA BRASIL,DEPUTADO ESTADUAL,NOVO,FEMININO,ENSINO MÉDIO COMPLETO,0.0,0,Nenhum bem declarado
40002536909,LÚCIA TAVARES,DEPUTADO ESTADUAL,NOVO,FEMININO,SUPERIOR INCOMPLETO,0.0,0,Nenhum bem declarado
40002552158,MÔNICA ALVES DE SOUZA MOTA,DEPUTADO ESTADUAL,NOVO,FEMININO,ENSINO MÉDIO COMPLETO,0.0,0,Nenhum bem declarado
40002542677,WALZENIR FALCÃO,DEPUTADO FEDERAL,UNIÃO,MASCULINO,ENSINO FUNDAMENTAL COMPLETO,0.0,0,Nenhum bem declarado
40002541588,HERMANO JUNIOR,DEPUTADO FEDERAL,PODE,MASCULINO,ENSINO MÉDIO COMPLETO,0.0,0,Nenhum bem declarado
40002535391,DAILSON CORRÊA,SENADOR,DC,MASCULINO,LÊ E ESCREVE,0.0,0,Nenhum bem declarado
40002551310,JANAÍNA ANJOS,DEPUTADO ESTADUAL,PSOL,FEMININO,ENSINO MÉDIO COMPLETO,0.0,0,Nenhum bem declarado
40002541624,CHRISTIANE MELCHIOR,DEPUTADO FEDERAL,PSB,FEMININO,SUPERIOR COMPLETO,0.0,0,Nenhum bem declarado
40002541604,PR. ABEL PEDRAÇA,DEPUTADO ESTADUAL,PODE,MASCULINO,SUPERIOR COMPLETO,0.0,0,Nenhum bem declarado
40002551306,GILMARA GUIMARÃES,DEPUTADO ESTADUAL,PSOL,FEMININO,ENSINO MÉDIO COMPLETO,0.0,0,Nenhum bem declarado
40002546996,SORAIA SOARES,DEPUTADO ESTADUAL,PDT,FEMININO,ENSINO MÉDIO COMPLETO,0.0,0,Nenhum bem declarado
40002536085,ELPÍDIO DOS POVOS MURA,DEPUTADO FEDERAL,DC,MASCULINO,ENSINO MÉDIO COMPLETO,0.0,0,Nenhum bem declarado
40002534385,JAZIEL RIBEIRO - O RESOLVE!,DEPUTADO ESTADUAL,REPUBLICANOS,MASCULINO,ENSINO MÉDIO COMPLETO,0.0,0,Nenhum bem declarado
40002540478,JEAN BATISTA,DEPUTADO FEDERAL,PL,MASCULINO,ENSINO MÉDIO COMPLETO,0.0,0,Nenhum bem declarado
40002535273,ALEXANDRE SOLORZANO,DEPUTADO FEDERAL,PSTU,MASCULINO,SUPERIOR COMPLETO,0.0,0,Nenhum bem declarado
40002536448,LAYON NUNES,DEPUTADO FEDERAL,NOVO,MASCULINO,ENSINO MÉDIO COMPLETO,0.0,0,Nenhum bem declarado
40002549904,KEYLLA MARINHO,DEPUTADO FEDERAL,SOLIDARIEDADE,FEMININO,ENSINO MÉDIO COMPLETO,0.0,0,Nenhum bem declarado
40002551010,LUIZ ANDRADE,DEPUTADO FEDERAL,REDE,MASCULINO,SUPERIOR INCOMPLETO,0.0,0,Nenhum bem declarado
40002539045,EDUARDO THEO,DEPUTADO FEDERAL,MISSÃO,MASCULINO,SUPERIOR INCOMPLETO,0.0,0,Nenhum bem declarado
40002551006,PATRÍCIA BARROSO,DEPUTADO FEDERAL,REDE,FEMININO,ENSINO FUNDAMENTAL INCOMPLETO,0.0,0,Nenhum bem declarado
40002549901,ALEXANDRE DA CARBRÁS,DEPUTADO FEDERAL,SOLIDARIEDADE,MASCULINO,SUPERIOR COMPLETO,0.0,0,Nenhum bem declarado
40002534373,DR. RAFAEL BENOLIEL,DEPUTADO ESTADUAL,REPUBLICANOS,MASCULINO,SUPERIOR COMPLETO,0.0,0,Nenhum bem declarado
40002534371,DR HENRIQUE VASCONCELOS,DEPUTADO ESTADUAL,REPUBLICANOS,MASCULINO,SUPERIOR COMPLETO,0.0,0,Nenhum bem declarado
40002534384,LUCIANA MELO,DEPUTADO ESTADUAL,REPUBLICANOS,FEMININO,ENSINO MÉDIO COMPLETO,0.0,0,Nenhum bem declarado
40002541612,ROSI MATOS,DEPUTADO ESTADUAL,PODE,FEMININO,ENSINO MÉDIO COMPLETO,0.0,0,Nenhum bem declarado
40002541583,VANETE CARVALHO,DEPUTADO FEDERAL,PODE,FEMININO,SUPERIOR INCOMPLETO,0.0,0,Nenhum bem declarado
40002551278,RENAN ROTONDANO,1º SUPLENTE,PSOL,MASCULINO,SUPERIOR COMPLETO,0.0,0,Nenhum bem declarado
40002536900,CLENDA ALMEIDA,DEPUTADO ESTADUAL,NOVO,FEMININO,ENSINO MÉDIO COMPLETO,0.0,0,Nenhum bem declarado
40002542682,ANISIO JUNIOR,DEPUTADO ESTADUAL,PSB,MASCULINO,ENSINO MÉDIO COMPLETO,0.0,0,Nenhum bem declarado
40002546991,VICTOR LABORDA,DEPUTADO ESTADUAL,PDT,MASCULINO,SUPERIOR INCOMPLETO,0.0,0,Nenhum bem declarado
40002532770,LOREN,DEPUTADO ESTADUAL,PSD,FEMININO,SUPERIOR COMPLETO,0.0,0,Nenhum bem declarado
40002539050,WICK RYAN,DEPUTADO FEDERAL,MISSÃO,MASCULINO,ENSINO MÉDIO COMPLETO,0.0,0,Nenhum bem declarado
40002546979,MANUEL SILVA,DEPUTADO ESTADUAL,PDT,MASCULINO,SUPERIOR INCOMPLETO,0.0,0,Nenhum bem declarado
40002542683,EDSON KAMBEBA,DEPUTADO ESTADUAL,PSB,MASCULINO,ENSINO MÉDIO COMPLETO,0.0,0,Nenhum bem declarado
40002545605,PROF. GREICE ANNE,DEPUTADO ESTADUAL,PCDOB,FEMININO,SUPERIOR COMPLETO,0.0,0,Nenhum bem declarado
40002532773,RENATO MURA,DEPUTADO ESTADUAL,PSD,MASCULINO,ENSINO MÉDIO COMPLETO,0.0,0,Nenhum bem declarado
40002532783,SIDNEY SOUZA,DEPUTADO ESTADUAL,PSD,MASCULINO,ENSINO MÉDIO COMPLETO,0.0,0,Nenhum bem declarado
40002536893,NETO ASSAYAG,DEPUTADO ESTADUAL,NOVO,MASCULINO,SUPERIOR COMPLETO,0.0,0,Nenhum bem declarado
40002542967,FABRICIO MAR,DEPUTADO ESTADUAL,PL,MASCULINO,ENSINO MÉDIO INCOMPLETO,0.0,0,Nenhum bem declarado
40002551280,LAYNARA PRESTES,1º SUPLENTE,REDE,FEMININO,ENSINO MÉDIO COMPLETO,0.0,0,Nenhum bem declarado
40002535267,GILBERTO VASCONCELOS,GOVERNADOR,PSTU,MASCULINO,SUPERIOR COMPLETO,0.0,0,Nenhum bem declarado
40002541591,PROFESSOR AMILTON GADELHA,DEPUTADO FEDERAL,PODE,MASCULINO,SUPERIOR COMPLETO,0.0,0,Nenhum bem declarado
40002551004,ÁLEX SOUSA,DEPUTADO FEDERAL,PSOL,FEMININO,ENSINO MÉDIO COMPLETO,0.0,0,Nenhum bem declarado
40002542656,RONILDO SOUZA,DEPUTADO ESTADUAL,UNIÃO,MASCULINO,ENSINO MÉDIO COMPLETO,0.0,0,Nenhum bem declarado
40002541751,BEATRIZ FERNANDES,DEPUTADO ESTADUAL,UNIÃO,FEMININO,SUPERIOR COMPLETO,0.0,0,Nenhum bem declarado
40002541600,DRA. ENF. KATIA VENTURA,DEPUTADO ESTADUAL,PODE,FEMININO,SUPERIOR COMPLETO,0.0,0,Nenhum bem declarado
40002541594,ERALDO CB,DEPUTADO ESTADUAL,PODE,MASCULINO,ENSINO MÉDIO COMPLETO,0.0,0,Nenhum bem declarado
40002536903,ASTRID AMAZONAS,DEPUTADO ESTADUAL,NOVO,FEMININO,SUPERIOR INCOMPLETO,0.0,0,Nenhum bem declarado
40002536902,NETE MOTA,DEPUTADO ESTADUAL,NOVO,FEMININO,ENSINO MÉDIO COMPLETO,0.0,0,Nenhum bem declarado
40002536495,FÁBIO DUARTE FILHO DO BAIRRO,DEPUTADO ESTADUAL,AGIR,MASCULINO,ENSINO FUNDAMENTAL COMPLETO,0.0,0,Nenhum bem declarado
40002542664,DIEGO LARANJEIRA,DEPUTADO ESTADUAL,UNIÃO,MASCULINO,SUPERIOR COMPLETO,0.0,0,Nenhum bem declarado
40002551282,ANDRÉ MONTEIRO,2º SUPLENTE,REDE,MASCULINO,ENSINO MÉDIO COMPLETO,0.0,0,Nenhum bem declarado
40002539051,JOTA BRANDÃO,DEPUTADO FEDERAL,MISSÃO,MASCULINO,ENSINO FUNDAMENTAL COMPLETO,0.0,0,Nenhum bem declarado
40002554165,ADRIANA XAVIER,DEPUTADO FEDERAL,PT,FEMININO,SUPERIOR INCOMPLETO,0.0,0,Nenhum bem declarado
40002536451,RICHARD STONE,DEPUTADO FEDERAL,NOVO,MASCULINO,SUPERIOR COMPLETO,0.0,0,Nenhum bem declarado
40002542970,PAULO BARDALES,DEPUTADO ESTADUAL,PL,MASCULINO,ENSINO MÉDIO COMPLETO,0.0,0,Nenhum bem declarado
40002546986,FABÍOLA MARQUES,DEPUTADO ESTADUAL,PDT,FEMININO,ENSINO MÉDIO COMPLETO,0.0,0,Nenhum bem declarado
40002549858,DR. ISRAEL TUYUKA,DEPUTADO FEDERAL,PDT,MASCULINO,SUPERIOR COMPLETO,0.0,0,Nenhum bem declarado
40002539043,ELIABE CAMPOS,DEPUTADO FEDERAL,MISSÃO,MASCULINO,ENSINO MÉDIO COMPLETO,0.0,0,Nenhum bem declarado
40002536082,PROFESSOR ROQUE LANE,DEPUTADO FEDERAL,DC,MASCULINO,SUPERIOR COMPLETO,0.0,0,Nenhum bem declarado
40002534375,PRISSILA MELO,DEPUTADO ESTADUAL,REPUBLICANOS,FEMININO,SUPERIOR COMPLETO,0.0,0,Nenhum bem declarado
40002541618,MESTRE ESTELIO GABINO,DEPUTADO FEDERAL,PSB,MASCULINO,SUPERIOR COMPLETO,0.0,0,Nenhum bem declarado
40002532781,LIONS BRUCE,DEPUTADO ESTADUAL,PSD,MASCULINO,SUPERIOR COMPLETO,0.0,0,Nenhum bem declarado
40002541623,RONALDINHO SHOW,DEPUTADO FEDERAL,PSB,MASCULINO,ENSINO MÉDIO COMPLETO,0.0,0,Nenhum bem declarado
40002547002,ANGELA SANTOS,DEPUTADO ESTADUAL,PDT,FEMININO,SUPERIOR COMPLETO,0.0,0,Nenhum bem declarado
40002543333,VAL LIMA,DEPUTADO ESTADUAL,PSB,FEMININO,ENSINO MÉDIO COMPLETO,0.0,0,Nenhum bem declarado
40002539044,MATEUS DO TI,DEPUTADO FEDERAL,MISSÃO,MASCULINO,SUPERIOR INCOMPLETO,0.0,0,Nenhum bem declarado
40002542668,ANDERSON SANTOS,DEPUTADO ESTADUAL,UNIÃO,MASCULINO,SUPERIOR COMPLETO,0.0,0,Nenhum bem declarado
40002541608,PROFESSORA EDITH FALCÃO,DEPUTADO ESTADUAL,PODE,FEMININO,SUPERIOR COMPLETO,0.0,0,Nenhum bem declarado
40002541611,NAZARE PEREIRA,DEPUTADO ESTADUAL,PODE,FEMININO,ENSINO MÉDIO COMPLETO,0.0,0,Nenhum bem declarado
40002542956,LÉIA FERNANDES,DEPUTADO ESTADUAL,PL,FEMININO,SUPERIOR COMPLETO,0.0,0,Nenhum bem declarado
40002542951,SÉRGIO KRUKE,DEPUTADO ESTADUAL,PL,MASCULINO,SUPERIOR INCOMPLETO,0.0,0,Nenhum bem declarado
40002551316,MAURO COELHO,DEPUTADO ESTADUAL,PSOL,MASCULINO,ENSINO MÉDIO COMPLETO,0.0,0,Nenhum bem declarado
40002550775,LEO BALBI,VICE-GOVERNADOR,PSOL,MASCULINO,SUPERIOR COMPLETO,0.0,0,Nenhum bem declarado
40002554183,DEDEIA MEDEIROS,DEPUTADO ESTADUAL,UNIÃO,FEMININO,ENSINO MÉDIO COMPLETO,0.0,0,Nenhum bem declarado
40002535271,ANTONIO NETO,1º SUPLENTE,PSTU,MASCULINO,SUPERIOR COMPLETO,0.0,0,Nenhum bem declarado
40002541598,DR. MARCELO KLINGER,DEPUTADO ESTADUAL,PODE,MASCULINO,SUPERIOR COMPLETO,0.0,0,Nenhum bem declarado
40002553973,MICHELLA SANTOS,DEPUTADO ESTADUAL,PL,FEMININO,SUPERIOR COMPLETO,0.0,0,Nenhum bem declarado
40002549855,EVALDO VASCONCELOS,DEPUTADO FEDERAL,PDT,MASCULINO,ENSINO MÉDIO COMPLETO,0.0,0,Nenhum bem declarado
40002546999,MAZINHO DA ECOBARREIRA,DEPUTADO ESTADUAL,PDT,MASCULINO,ENSINO MÉDIO INCOMPLETO,0.0,0,Nenhum bem declarado
40002549857,RENATA KOKAMA,DEPUTADO FEDERAL,PDT,FEMININO,LÊ E ESCREVE,0.0,0,Nenhum bem declarado
40002532784,DELEGADA JOYCE COELHO,DEPUTADO ESTADUAL,PSD,FEMININO,SUPERIOR COMPLETO,0.0,0,Nenhum bem declarado
40002532774,ALMIR INACIO,DEPUTADO ESTADUAL,PSD,MASCULINO,SUPERIOR COMPLETO,0.0,0,Nenhum bem declarado
40002549905,LENE SOUZA,DEPUTADO FEDERAL,SOLIDARIEDADE,FEMININO,SUPERIOR COMPLETO,0.0,0,Nenhum bem declarado
40002540486,DRA. PATRICIA SICCHAR,DEPUTADO FEDERAL,PL,FEMININO,SUPERIOR COMPLETO,0.0,0,Nenhum bem declarado
40002542960,RAYANA PINHO DO BAZAR,DEPUTADO ESTADUAL,PL,FEMININO,SUPERIOR COMPLETO,0.0,0,Nenhum bem declarado
40002551315,SENHOR LUIZ AGRICULTOR,DEPUTADO ESTADUAL,PSOL,MASCULINO,ENSINO FUNDAMENTAL COMPLETO,0.0,0,Nenhum bem declarado
40002536452,MARIA GATO,DEPUTADO FEDERAL,NOVO,FEMININO,SUPERIOR INCOMPLETO,0.0,0,Nenhum bem declarado
40002549903,KAROLA PRO VIDA,DEPUTADO FEDERAL,SOLIDARIEDADE,FEMININO,SUPERIOR COMPLETO,0.0,0,Nenhum bem declarado
40002551317,JEAN PAZ,DEPUTADO ESTADUAL,PSOL,MASCULINO,ENSINO MÉDIO COMPLETO,0.0,0,Nenhum bem declarado
40002551003,NATALIA,DEPUTADO FEDERAL,PSOL,FEMININO,SUPERIOR COMPLETO,0.0,0,Nenhum bem declarado
40002536901,ORCHARLINGHTON JATI,DEPUTADO ESTADUAL,NOVO,MASCULINO,ENSINO MÉDIO COMPLETO,0.0,0,Nenhum bem declarado
40002536473,RIZANNIO TOYA,DEPUTADO ESTADUAL,AGIR,MASCULINO,ENSINO MÉDIO COMPLETO,0.0,0,Nenhum bem declarado
40002536494,ESTER DO PIORINI,DEPUTADO ESTADUAL,AGIR,FEMININO,SUPERIOR COMPLETO,0.0,0,Nenhum bem declarado
40002551307,ROMANO,DEPUTADO ESTADUAL,REDE,MASCULINO,ENSINO MÉDIO COMPLETO,0.0,0,Nenhum bem declarado
40002545604,JÉSSICA VALOIS,DEPUTADO ESTADUAL,PT,FEMININO,SUPERIOR INCOMPLETO,0.0,0,Nenhum bem declarado
40002546983,CIMARA CAVALCANTE,DEPUTADO ESTADUAL,PDT,FEMININO,SUPERIOR COMPLETO,0.0,0,Nenhum bem declarado
40002542959,ANDREA RAMOS,DEPUTADO ESTADUAL,PL,FEMININO,SUPERIOR INCOMPLETO,0.0,0,Nenhum bem declarado
40002551279,JANDER MUNIZ,2º SUPLENTE,PSOL,MASCULINO,ENSINO MÉDIO COMPLETO,0.0,0,Nenhum bem declarado
